{
    "number": 3,
    "timestep_list": [
        {
            "number": 1,
            "state": {
                "two_finger_gripper": {
                    "pose": [
                        [
                            0.0,
                            0.0,
                            0.05
                        ],
                        [
                            0.0,
                            0.0,
                            0.0,
                            1.0
                        ]
                    ],
                    "joint_angles": {
                        "l_prox_pin": 0.75,
                        "l_distal_pin": -1.4,
                        "r_prox_pin": -0.75,
                        "r_distal_pin": 1.4
                    }
                },
                "obj_2": {
                    "pose": [
                        [
                            0.0,
                            0.16,
                            0.05
                        ],
                        [
                            0.0,
                            0.0,
                            0.0,
                            1.0
                        ]
                    ]
                }
            },
            "reward": {
                "distance_to_goal": 0.03972082464615845,
                "goal_position": [
                    0.029092146831622,
                    0.1870442397433948,
                    0
                ]
            },
            "action": {
                "target_joint_angles": [
                    0.6994212631206748,
                    -1.3999912741400178,
                    -0.8255646721006947,
                    1.4000010710490516
                ]
            }
        },
        {
            "number": 2,
            "state": {
                "two_finger_gripper": {
                    "pose": [
                        [
                            0.0,
                            0.0,
                            0.05
                        ],
                        [
                            0.0,
                            0.0,
                            0.0,
                            1.0
                        ]
                    ],
                    "joint_angles": {
                        "l_prox_pin": 0.75,
                        "l_distal_pin": -1.4,
                        "r_prox_pin": -0.75,
                        "r_distal_pin": 1.4
                    }
                },
                "obj_2": {
                    "pose": [
                        [
                            0.0,
                            0.16,
                            0.05
                        ],
                        [
                            0.0,
                            0.0,
                            0.0,
                            1.0
                        ]
                    ]
                }
            },
            "reward": {
                "distance_to_goal": 0.03972082464615845,
                "goal_position": [
                    0.029092146831622,
                    0.1870442397433948,
                    0
                ]
            },
            "action": {
                "target_joint_angles": [
                    0.6994212631206748,
                    -1.3999912741400178,
                    -0.8255646721006947,
                    1.4000010710490516
                ]
            }
        },
        {
            "number": 3,
            "state": {
                "two_finger_gripper": {
                    "pose": [
                        [
                            0.0,
                            0.0,
                            0.05
                        ],
                        [
                            0.0,
                            0.0,
                            0.0,
                            1.0
                        ]
                    ],
                    "joint_angles": {
                        "l_prox_pin": 0.7462954365408929,
                        "l_distal_pin": -1.3999999031680013,
                        "r_prox_pin": -0.7550993649334019,
                        "r_distal_pin": 1.4000001332901173
                    }
                },
                "obj_2": {
                    "pose": [
                        [
                            0.0,
                            0.16,
                            0.05
                        ],
                        [
                            0.0,
                            0.0,
                            0.0,
                            1.0
                        ]
                    ]
                }
            },
            "reward": {
                "distance_to_goal": 0.03972082464615845,
                "goal_position": [
                    0.029092146831622,
                    0.1870442397433948,
                    0
                ]
            },
            "action": {
                "target_joint_angles": [
                    0.6994212631206748,
                    -1.3999912741400178,
                    -0.8255646721006947,
                    1.4000010710490516
                ]
            }
        },
        {
            "number": 4,
            "state": {
                "two_finger_gripper": {
                    "pose": [
                        [
                            0.0,
                            0.0,
                            0.05
                        ],
                        [
                            0.0,
                            0.0,
                            0.0,
                            1.0
                        ]
                    ],
                    "joint_angles": {
                        "l_prox_pin": 0.742661447574662,
                        "l_distal_pin": -1.4000002575283674,
                        "r_prox_pin": -0.7602875402032584,
                        "r_distal_pin": 1.4000005976849554
                    }
                },
                "obj_2": {
                    "pose": [
                        [
                            0.0,
                            0.16,
                            0.05
                        ],
                        [
                            0.0,
                            0.0,
                            0.0,
                            1.0
                        ]
                    ]
                }
            },
            "reward": {
                "distance_to_goal": 0.03972082464615845,
                "goal_position": [
                    0.029092146831622,
                    0.1870442397433948,
                    0
                ]
            },
            "action": {
                "target_joint_angles": [
                    0.6994212631206748,
                    -1.3999912741400178,
                    -0.8255646721006947,
                    1.4000010710490516
                ]
            }
        },
        {
            "number": 5,
            "state": {
                "two_finger_gripper": {
                    "pose": [
                        [
                            0.0,
                            0.0,
                            0.05
                        ],
                        [
                            0.0,
                            0.0,
                            0.0,
                            1.0
                        ]
                    ],
                    "joint_angles": {
                        "l_prox_pin": 0.7390388009345676,
                        "l_distal_pin": -1.4000003115307316,
                        "r_prox_pin": -0.7655658978984365,
                        "r_distal_pin": 1.4000010710490516
                    }
                },