{
    "number": 1,
    "timestep_list": [
        {
            "number": 1,
            "state": {
                "two_finger_gripper": {
                    "pose": [
                        [
                            0.0,
                            0.0,
                            0.05
                        ],
                        [
                            0.0,
                            0.0,
                            0.0,
                            1.0
                        ]
                    ],
                    "joint_angles": {
                        "l_prox_pin": 0.75,
                        "l_distal_pin": -1.4,
                        "r_prox_pin": -0.75,
                        "r_distal_pin": 1.4
                    }
                },
                "obj_2": {
                    "pose": [
                        [
                            0.0,
                            0.16,
                            0.05
                        ],
                        [
                            0.0,
                            0.0,
                            0.0,
                            1.0
                        ]
                    ]
                }
            },
            "reward": {
                "distance_to_goal": 0.07056324787788437,
                "goal_position": [
                    -0.0701179718935668,
                    0.1520853320594779,
                    0
                ]
            },
            "action": {
                "target_joint_angles": [
                    0.6994230721511215,
                    -1.399952319649433,
                    -0.8255646721006947,
                    1.4000010710490516
                ]
            }
        },
        {
            "number": 2,
            "state": {
                "two_finger_gripper": {
                    "pose": [
                        [
                            0.0,
                            0.0,
                            0.05
                        ],
                        [
                            0.0,
                            0.0,
                            0.0,
                            1.0
                        ]
                    ],
                    "joint_angles": {
                        "l_prox_pin": 0.75,
                        "l_distal_pin": -1.4,
                        "r_prox_pin": -0.75,
                        "r_distal_pin": 1.4
                    }
                },
                "obj_2": {
                    "pose": [
                        [
                            0.0,
                            0.16,
                            0.04982638888888889
                        ],
                        [
                            0.0,
                            0.0,
                            0.0,
                            1.0
                        ]
                    ]
                }
            },
            "reward": {
                "distance_to_goal": 0.07056324787788437,
                "goal_position": [
                    -0.0701179718935668,
                    0.1520853320594779,
                    0
                ]
            },
            "action": {
                "target_joint_angles": [
                    0.6994230721511215,
                    -1.399952319649433,
                    -0.8255646721006947,
                    1.4000010710490516
                ]
            }
        },
        {
            "number": 3,
            "state": {
                "two_finger_gripper": {
                    "pose": [
                        [
                            0.0,
                            0.0,
                            0.05
                        ],
                        [
                            0.0,
                            0.0,
                            0.0,
                            1.0
                        ]
                    ],
                    "joint_angles": {
                        "l_prox_pin": 0.7462954365408929,
                        "l_distal_pin": -1.3999999031680013,
                        "r_prox_pin": -0.7550993649334019,
                        "r_distal_pin": 1.4000001332901173
                    }
                },
                "obj_2": {
                    "pose": [
                        [
                            0.0,
                            0.16,
                            0.049479196807483895
                        ],
                        [
                            0.0,
                            0.0,
                            0.0,
                            1.0
                        ]
                    ]
                }
            },
            "reward": {
                "distance_to_goal": 0.07056324942761798,
                "goal_position": [
                    -0.0701179718935668,
                    0.1520853320594779,
                    0
                ]
            },
            "action": {
                "target_joint_angles": [
                    0.6994230721511215,
                    -1.399952319649433,
                    -0.8255646721006947,
                    1.4000010710490516
                ]
            }
        },
        {
            "number": 4,
            "state": {
                "two_finger_gripper": {
                    "pose": [
                        [
                            0.0,
                            0.0,
                            0.05
                        ],
                        [
                            0.0,
                            0.0,
                            0.0,
                            1.0
                        ]
                    ],
                    "joint_angles": {
                        "l_prox_pin": 0.742661447574662,
                        "l_distal_pin": -1.4000002575283674,
                        "r_prox_pin": -0.7602875402032584,
                        "r_distal_pin": 1.4000005976849554
                    }
                },
                "obj_2": {
                    "pose": [
                        [
                            -5.006708013473128e-16,
                            0.16000001381664755,
                            0.048990000408444825
                        ],
                        [
                            -1.4098622480367387e-07,
                            1.1352301495242127e-14,
                            -2.1286873540137865e-17,
                            0.99999999999999
                        ]
                    ]
                }
            },
            "reward": {
                "distance_to_goal": 0.07056326921986235,
                "goal_position": [
                    -0.0701179718935668,
                    0.1520853320594779,
                    0
                ]
            },
            "action": {
                "target_joint_angles": [
                    0.6994230721511215,
                    -1.399952319649433,
                    -0.8255646721006947,
                    1.4000010710490516
                ]
            }
        },
        {
            "number": 5,
            "state": {
                "two_finger_gripper": {
                    "pose": [
                        [
                            0.0,
                            0.0,
                            0.05
                        ],
                        [
                            0.0,
                            0.0,
                            0.0,
                            1.0
                        ]
                    ],
                    "joint_angles": {
                        "l_prox_pin": 0.7390388004618033,
                        "l_distal_pin": -1.4000003115283146,
                        "r_prox_pin": -0.7655658978984365,
                        "r_distal_pin": 1.4000010710490516
                    }
                },