{
"epochs":10000,
"batch_size": 100,
"model": "DDPG",
"learning_rate": 0.0001,
"discount": 0.995,
"epsilon": 0.7,
"edecay": 0.998,
"object": "Cube",
"hand": "2v2",
"task": "full_random",
"evaluate": 3,
"sampling": "random",
"reward": "Distance + Finger",
"action": "Finger Tip Position",
"rollout_size": 5,
"rollout_weight": 0.5,
"tau": 0.0005,
"pv": 4,
"viz": 0,
"sr": 3,
"state_noise": 0.05,
"start_noise": 0.0,
"tsteps": 150,
"eval-tsteps": 150,
"distance_scaling": 1.0,
"contact_scaling": 0.2,
"state_dim": 110,
"state_mins": [
-0.072,
0.018,
-0.072,
0.018,
-0.072,
0.018,
-0.072,
0.018,
-0.072,
0.018,
-0.072,
0.018,
-0.072,
0.018,
-1.5707963267948966,
-3.141592653589793,
-1.5707963267948966,
0,
-1.5707963267948966,
-1.5707963267948966,
-0.07,
-0.07,
-0.072,
0.018,
-0.072,
0.018,
-0.072,
0.018,
-0.072,
0.018,
-0.072,
0.018,
-0.072,
0.018,
-0.072,
0.018,
-1.5707963267948966,
-3.141592653589793,
-1.5707963267948966,
0,
-1.5707963267948966,
-1.5707963267948966,
-0.07,
-0.07,
-0.072,
0.018,
-0.072,
0.018,
-0.072,
0.018,
-0.072,
0.018,
-0.072,
0.018,
-0.072,
0.018,
-0.072,
0.018,
-1.5707963267948966,
-3.141592653589793,
-1.5707963267948966,
0,
-1.5707963267948966,
-1.5707963267948966,
-0.07,
-0.07,
-0.072,
0.018,
-0.072,
0.018,
-0.072,
0.018,
-0.072,
0.018,
-0.072,
0.018,
-0.072,
0.018,
-0.072,
0.018,
-1.5707963267948966,
-3.141592653589793,
-1.5707963267948966,
0,
-1.5707963267948966,
-1.5707963267948966,
-0.07,
-0.07,
-0.072,
0.018,
-0.072,
0.018,
-0.072,
0.018,
-0.072,
0.018,
-0.072,
0.018,
-0.072,
0.018,
-0.072,
0.018,
-1.5707963267948966,
-3.141592653589793,
-1.5707963267948966,
0,
-1.5707963267948966,
-1.5707963267948966,
-0.07,
-0.07
],
"state_maxes": [
0.072,
0.172,
0.072,
0.172,
0.072,
0.172,
0.072,
0.172,
0.072,
0.172,
0.072,
0.172,
0.072,
0.172,
1.5707963267948966,
0,
1.5707963267948966,
3.141592653589793,
1.5707963267948966,
1.5707963267948966,
0.07,
0.07,
0.072,
0.172,
0.072,
0.172,
0.072,
0.172,
0.072,
0.172,
0.072,
0.172,
0.072,
0.172,
0.072,
0.172,
1.5707963267948966,
0,
1.5707963267948966,
3.141592653589793,
1.5707963267948966,
1.5707963267948966,
0.07,
0.07,
0.072,
0.172,
0.072,
0.172,
0.072,
0.172,
0.072,
0.172,
0.072,
0.172,
0.072,
0.172,
0.072,
0.172,
1.5707963267948966,
0,
1.5707963267948966,
3.141592653589793,
1.5707963267948966,
1.5707963267948966,
0.07,
0.07,
0.072,
0.172,
0.072,
0.172,
0.072,
0.172,
0.072,
0.172,
0.072,
0.172,
0.072,
0.172,
0.072,
0.172,
1.5707963267948966,
0,
1.5707963267948966,
3.141592653589793,
1.5707963267948966,
1.5707963267948966,
0.07,
0.07,
0.072,
0.172,
0.072,
0.172,
0.072,
0.172,
0.072,
0.172,
0.072,
0.172,
0.072,
0.172,
0.072,
0.172,
1.5707963267948966,
0,
1.5707963267948966,
3.141592653589793,
1.5707963267948966,
1.5707963267948966,
0.07,
0.07
],
"state_list": [
"ftp",
"fbp",
"fcp",
"op",
"ja",
"fta",
"gp"
],"state_list": ["ftp", "fbp","op","ja", "fta", "gp"], "action_dim": 4, "save_path": "/nfs/hpc/share/navek/nigel_rl/mojo-grasp/demos/rl_demo/data/hand_a_finger_pos_fulldimensionless3/", "load_path": "//", "tname": "/nfs/hpc/share/navek/nigel_rl/mojo-grasp/demos/rl_demo/runs/dimensionless3", "hand_path": "/nfs/hpc/share/navek/nigel_rl/mojo-grasp/demos/rl_demo/resources/2v2_Hand_A/hand/2v2_50.50_50.50_1.1_53.urdf", "object_path": "/nfs/hpc/share/navek/nigel_rl/mojo-grasp/demos/rl_demo/resources/object_models/2v2_mod/2v2_mod_cuboid_small.urdf", "max_action": 0.01, "points_path": "/nfs/hpc/share/navek/nigel_rl/mojo-grasp/demos/rl_demo/resources/points.csv"}
