x_wall,y_wall,ang_wall,x_start,y_start,goal_x,goal_y
0,0.08,0,4.63644396618753,1.2423314164921,-4.63644396618753,1.2423314164921
