Episode:0,WallTime,SimTime,TimeStep,State:31,Action:4,Reward:1
1634614994.9450865,2,41,1.0,1.0,1.0,-0.026749999999999996,0.053,0.08,-0.026749999999999996,0.053,0.08,-0.026749999999999996,0.053,0.08,-0.0707842995345132,0.10996473000466839,0.08,0.02675,0.053,0.08,0.0741790880054778,0.1071708557341366,0.08,0.6565612512481924,-1.1231822309537933,-0.7224856570073105,1.128596989760932,-0.027369005416173604,0.17037626162848202,0.06399905669851133,0.034194060738151746,0.1699734925761182,0.07222226087198473,0.6430225313850118,-1.123183655631379,-0.7526030520573078,1.1285969897609331,0
