Episode:0,WallTime,SimTime,TimeStep,State:31,Action:4,Reward:1
1634614996.7560806,2,97,1.0,1.0,1.0,-0.026750000000000006,0.053,0.08,-0.026750000000000006,0.053,0.08,-0.026750000000000006,0.053,0.08,-0.03953787587056232,0.12385527666108637,0.08,0.026750000000000006,0.053000000000000005,0.08,0.09430324026144328,0.07791103631284178,0.08,0.1749763127982166,-1.1705797617127929,-1.2182697493608758,1.1694402805889486,0.02935198901484072,0.1569933294405464,0.063991539317703,0.08558091641103513,0.15045386769055152,0.09600846064603949,0.14056083060783356,-1.174826477844378,-1.2239191569817958,1.1753014712482546,0
