Episode:0,WallTime,SimTime,TimeStep,State:31,Action:4,Reward:1
1634614995.8646872,2,10,1.0,1.0,1.0,-0.02674999999999999,0.053,0.08,-0.02674999999999999,0.053,0.08,-0.02674999999999999,0.053,0.08,-0.09712470692990985,0.06821185802357144,0.08,0.02674999999999999,0.053,0.08,0.09712470692990985,0.06821185802357144,0.08,1.3791246522928062,5.042301269446271e-06,-1.3791246522928062,-5.042301269446271e-06,10,10,10,10,10,10,1.57,0.0,-1.57,0.0,
