Episode:0,WallTime,SimTime,TimeStep,State:31,Action:4,Reward:1
1634614995.922814,2,16,1.0,1.0,1.0,-0.02675,0.053,0.08,-0.02675,0.053,0.08,-0.02675,0.053,0.08,-0.0883328651718385,0.09030349470528413,0.08,0.02675,0.053,0.08,0.0883328651718385,0.09030349470528413,0.08,1.0015471317004077,-1.0746806562957323,-1.0015471317004077,1.0746806562957323,10,10,10,10,10,10,0.78,-1.65,-0.78,1.65,
