Episode:0,WallTime,SimTime,TimeStep,State:31,Action:4,Reward:1
1634614996.8377852,2,105,1.0,1.0,1.0,-0.026749999999999993,0.052999999999999985,0.08,-0.026749999999999993,0.052999999999999985,0.08,-0.026749999999999993,0.052999999999999985,0.08,-0.03563543221276008,0.1244496262718878,0.08,0.026749999999999993,0.05299999999999998,0.08,0.09455076972628361,0.0772292307868711,0.08,0.12093127330573317,-1.138157655653254,-1.2279840316302886,1.1223415066207687,0.03397697652219864,0.15607787383902563,0.06399400100120811,0.08998076927044173,0.1500895530146248,0.09600599896145046,0.09363038638391467,-1.1419621389145087,-1.2304915573401047,1.1281312727010393,0
