Episode:0,WallTime,SimTime,TimeStep,State:31,Action:4,Reward:1
1634614996.5088515,2,73,1.0,1.0,1.0,-0.026750000000000003,0.05300000000000001,0.08,-0.026750000000000003,0.05300000000000001,0.08,-0.026750000000000003,0.05300000000000001,0.08,-0.05665275966321602,0.11849675537401791,0.08,0.02675000000000001,0.053000000000000005,0.08,0.09165126310752965,0.08417412463963042,0.08,0.4224858590905138,-1.272869172466324,-1.1264409548181429,1.2898677855205152,0.006565653288608211,0.15992704689484188,0.06399916390807807,0.0677747584294682,0.15445947387196413,0.06399963605231074,0.3690860505626222,-1.2763718194402345,-1.156362071977839,1.2929610936810165,0
