Episode:0,WallTime,SimTime,TimeStep,State:31,Action:4,Reward:1
1634614995.0068607,2,47,1.0,1.0,1.0,-0.026750000000000003,0.053000000000000005,0.08,-0.026750000000000003,0.053000000000000005,0.08,-0.026750000000000003,0.053000000000000005,0.08,-0.06905388312734752,0.11126132055101157,0.08,0.026749999999999993,0.052999999999999985,0.08,0.07688778345662815,0.10467400381290634,0.08,0.6248747399698753,-1.1231878894160876,-0.774863468270753,1.1285969897606007,-0.023841648301125104,0.1703708645565713,0.06399890710534863,0.040167379128110955,0.1694396235955105,0.07222226087198473,0.5964535316265175,-1.123189573263241,-0.8158403427841494,1.1285969897606234,0
