Episode:0,WallTime,SimTime,TimeStep,State:31,Action:4,Reward:1
1634614995.7768261,2,1,1.0,1.0,1.0,-0.02674999999999999,0.053,0.08,-0.02674999999999999,0.053,0.08,-0.02674999999999999,0.053,0.08,-0.038007618483817826,0.12411445722265482,0.08,0.02674999999999999,0.053,0.08,0.038007618483817826,0.12411445722265482,0.08,0.2983,1.1982624011688472e-07,-0.2983,-1.1982624011688472e-07,10,10,10,10,10,10,1.57,0.0,-1.57,0.0,
