Episode:0,WallTime,SimTime,TimeStep,State:31,Action:4,Reward:1
1634614996.7252939,2,94,1.0,1.0,1.0,-0.02674999999999999,0.05299999999999999,0.08,-0.02674999999999999,0.05299999999999999,0.08,-0.02674999999999999,0.05299999999999999,0.08,-0.04120919685972421,0.12353319520744642,0.08,0.02675,0.053000000000000005,0.08,0.09416914077654454,0.07827171258447813,0.08,0.19828377564117497,-1.1834302617135954,-1.213098276438084,1.1869494249125692,0.02731947665441746,0.15739680115165514,0.06399051032892399,0.08379684415871479,0.15062082410837238,0.09600947639749194,0.16090202485197289,-1.1877945042678175,-1.2202821837102662,1.1927329565457139,0
