Episode:0,WallTime,SimTime,TimeStep,State:31,Action:4,Reward:1
1634614996.13739,2,37,1.0,1.0,1.0,-0.02675,0.05299999999999999,0.08,-0.02675,0.05299999999999999,0.08,-0.02675,0.05299999999999999,0.08,-0.07334528361070065,0.10788970345372956,0.08,0.02675,0.053000000000000005,0.08,0.08031147674341124,0.10111619487308834,0.08,0.6967400989923145,-1.2938406318875377,-0.8325209996260589,1.3080583019307168,-0.0223638288010155,0.16220488246495313,0.09600167333902593,0.03628366065033606,0.1611985547102035,0.07220058953908973,0.6270401986429897,-1.3161243865681858,-0.7698839540223451,1.3284592714162295,0
