Episode:0,WallTime,SimTime,TimeStep,State:31,Action:4,Reward:1
1634614996.8580916,2,107,1.0,1.0,1.0,-0.026750000000000003,0.05300000000000001,0.08,-0.026750000000000003,0.05300000000000001,0.08,-0.026750000000000003,0.05300000000000001,0.08,-0.03482724475779475,0.12454549683329261,0.08,0.02675,0.05300000000000001,0.08,0.09458748821873839,0.07712623452121217,0.08,0.10983952789681486,-1.1307889616483864,-1.2294215074449462,1.1109202784478474,0.03490745871516207,0.15591014528471134,0.06399454795219657,0.09096249010334184,0.15002522131906476,0.09600545199051112,0.08448659218719635,-1.1344379637865272,-1.2312362316027685,1.116606729204726,0
