Episode:0,WallTime,SimTime,TimeStep,State:31,Action:4,Reward:1
1634614995.9918826,2,23,1.0,1.0,1.0,-0.026749999999999996,0.052999999999999985,0.08,-0.026749999999999996,0.052999999999999985,0.08,-0.026749999999999996,0.052999999999999985,0.08,-0.07625716013194542,0.10527849553755261,0.08,0.026749999999999996,0.053,0.08,0.08156088093460795,0.09968797844383748,0.08,0.6887893408236541,-1.3258683322482634,-0.8755085995402472,1.3380256583074153,-0.023932006762328595,0.15962289243593714,0.07209107078357917,0.03487646714830961,0.15894842612045182,0.07209107078357926,0.06000995761498802,-0.9612452420069336,-0.9614944632899832,0.9635489798763738,0
