Episode:0,WallTime,SimTime,TimeStep,State:31,Action:4,Reward:1
1634614994.7811522,2,25,1.0,1.0,1.0,-0.026749999999999996,0.05299999999999999,0.08,-0.026749999999999996,0.05299999999999999,0.08,-0.026749999999999996,0.05299999999999999,0.08,-0.07336783750406453,0.10787054971881213,0.08,0.026750000000000003,0.053000000000000005,0.08,0.07337162856509011,0.10786732862039829,0.08,0.705141678176621,-1.1579752826703802,-0.7058284704311042,1.1614621879555105,-0.030643440574986983,0.16884487499030787,0.06399473164698068,0.030440909722284894,0.16873747043605114,0.09600526835301933,0.7130778950922931,-1.1579752826703802,-0.7193234034276711,1.1614638696848836,0
