Episode:0,WallTime,SimTime,TimeStep,State:31,Action:4,Reward:1
1634614994.8626726,2,33,1.0,1.0,1.0,-0.02675,0.053000000000000005,0.08,-0.02675,0.053000000000000005,0.08,-0.02675,0.053000000000000005,0.08,-0.07373566659178343,0.10755590834112991,0.08,0.02675000000000001,0.05300000000000001,0.08,0.0746149770546773,0.10678609459288912,0.08,0.710775888758551,-1.1579752826704535,-0.7288721406197336,1.1614579718130265,-0.031422608949948125,0.16873905282882395,0.06399878690999361,0.03308582539258374,0.16857957126690964,0.06399932954511844,0.70891453669882,-1.1579752826704535,-0.7437911385503386,1.1614579718130265,0
