Episode:0,WallTime,SimTime,TimeStep,State:31,Action:4,Reward:1
1634614994.6325927,2,10,1.0,1.0,1.0,-0.02675000000000001,0.053000000000000026,0.08,-0.02675000000000001,0.053000000000000026,0.08,-0.02675000000000001,0.053000000000000026,0.08,-0.09635596518144303,0.07141221364094337,0.08,0.02675000000000001,0.053000000000000026,0.08,0.09635596518144303,0.07141221364094337,0.08,1.3379787096033888,4.005653424277261e-06,-1.3379787096033888,-4.005653424277261e-06,10,10,10,10,10,10,1.57,0.0,-1.57,0.0,
