Episode:0,WallTime,SimTime,TimeStep,State:31,Action:4,Reward:1
1634614996.4572287,2,68,1.0,1.0,1.0,-0.026749999999999996,0.052999999999999985,0.08,-0.026749999999999996,0.052999999999999985,0.08,-0.026749999999999996,0.052999999999999985,0.08,-0.060586851702068636,0.11655365817081037,0.08,0.026749999999999996,0.052999999999999985,0.08,0.0903517642544486,0.08674634178279991,0.08,0.48359343773345526,-1.2871017999492262,-1.0871514142013032,1.3022585305878216,0.000589265734678851,0.16094419147480565,0.06399916390807807,0.0628832790066226,0.155730697226181,0.09600083609192193,0.43222416084950316,-1.2888685299652938,-1.1242557125713937,1.303763641299154,0
