Episode:0,WallTime,SimTime,TimeStep,State:31,Action:4,Reward:1
1634614996.4987059,2,72,1.0,1.0,1.0,-0.026750000000000003,0.05300000000000001,0.08,-0.026750000000000003,0.05300000000000001,0.08,-0.026750000000000003,0.05300000000000001,0.08,-0.057454523254238984,0.1181247437747735,0.08,0.02675000000000001,0.053000000000000005,0.08,0.09141971124988653,0.08465167368175494,0.08,0.43473907743667306,-1.2763718194402345,-1.1191900401093358,1.2929610936810165,0.0053937638191819265,0.1601143806341786,0.06399916390807807,0.06681658052916059,0.15469068768737043,0.06399943902261059,0.3812194121222817,-1.2796618950336365,-1.1502515425705004,1.2958356280962975,0
