Episode:0,WallTime,SimTime,TimeStep,State:31,Action:4,Reward:1
1634614995.5076206,2,95,1.0,1.0,1.0,-0.02674999999999999,0.05299999999999999,0.08,-0.02674999999999999,0.05299999999999999,0.08,-0.02674999999999999,0.05299999999999999,0.08,-0.03080350957553595,0.12488580569292546,0.08,0.026749999999999996,0.053,0.08,0.09096208085963275,0.0855700579010229,0.08,0.05233040254388755,-0.8959523319128856,-1.1025935881714977,0.9321955341830533,0.03221485868476033,0.1663771214797798,0.06399999267251415,0.09102404852444533,0.1585629956836027,0.0639987768826333,0.013555303906197531,-0.9014455664460208,-1.1115199966104445,0.9387171220866644,0
