Episode:0,WallTime,SimTime,TimeStep,State:31,Action:4,Reward:1
1634614994.5643742,2,3,1.0,1.0,1.0,-0.026749999999999996,0.052999999999999985,0.08,-0.026749999999999996,0.052999999999999985,0.08,-0.026749999999999996,0.052999999999999985,0.08,-0.05761862128801525,0.1180471230707176,0.08,0.026749999999999996,0.052999999999999985,0.08,0.05761862128801525,0.1180471230707176,0.08,0.5557787500000001,4.790171939967609e-07,-0.5557787500000001,-4.790171939967609e-07,10,10,10,10,10,10,1.57,0.0,-1.57,0.0,
