Episode:0,WallTime,SimTime,TimeStep,State:31,Action:4,Reward:1
1634614995.8352203,2,7,1.0,1.0,1.0,-0.026750000000000003,0.052999999999999985,0.08,-0.026750000000000003,0.052999999999999985,0.08,-0.026750000000000003,0.052999999999999985,0.08,-0.0930700566536736,0.08102945032378482,0.08,0.026750000000000003,0.052999999999999985,0.08,0.0930700566536736,0.08102945032378482,0.08,1.2108343584571122,1.3753845698915499e-06,-1.2108343584571122,-1.3753845698915499e-06,10,10,10,10,10,10,1.57,0.0,-1.57,0.0,
