Episode:0,WallTime,SimTime,TimeStep,State:31,Action:4,Reward:1
1634614995.0584428,2,52,1.0,1.0,1.0,-0.026750000000000003,0.053000000000000005,0.08,-0.026750000000000003,0.053000000000000005,0.08,-0.026750000000000003,0.053000000000000005,0.08,-0.06489170745024074,0.11406725925387723,0.08,0.02674999999999999,0.05299999999999999,0.08,0.0766242612283312,0.10492839364864061,0.08,0.554459470432183,-1.0920803334290203,-0.7706426186886813,1.0977498582489618,-0.01737510247562525,0.1713710710916372,0.06399941078667866,0.041544073598551785,0.17051957607138268,0.09600004390082904,0.5194605339312205,-1.0930020393357647,-0.8189323539771485,1.0982321958323553,0
