Episode:0,WallTime,SimTime,TimeStep,State:31,Action:4,Reward:1
1634614994.9345345,2,40,1.0,1.0,1.0,-0.02675,0.053000000000000005,0.08,-0.02675,0.053000000000000005,0.08,-0.02675,0.053000000000000005,0.08,-0.07094895120683381,0.10983707163652898,0.08,0.02675,0.05299999999999999,0.08,0.07380849874656532,0.10749309768878539,0.08,0.6597369553856817,-1.123183655631379,-0.7154210828597803,1.1285969897609331,-0.02770860392698403,0.170373735192529,0.06399911891148946,0.033396040372753816,0.1700215456789569,0.07222226087198473,0.6487368003072916,-1.1231834953632127,-0.7433445562019408,1.1285969897609331,0
