Episode:0,WallTime,SimTime,TimeStep,State:31,Action:4,Reward:1
1634614995.4235659,2,87,1.0,1.0,1.0,-0.026750000000000003,0.05299999999999999,0.08,-0.026750000000000003,0.05299999999999999,0.08,-0.026750000000000003,0.05299999999999999,0.08,-0.036271590739321416,0.12436763489000367,0.08,0.026749999999999996,0.053,0.08,0.09007740257000953,0.08725843084170595,0.08,0.12758588860319783,-0.9423423361990368,-1.0769014871169587,0.9829276448380712,0.02549088168260282,0.16770631304527087,0.06399999267251415,0.08453612752996344,0.16010916003904452,0.06399910961258755,0.07969561214770352,-0.948507438345565,-1.0928748835949134,0.9891283176036099,0
