Episode:0,WallTime,SimTime,TimeStep,State:31,Action:4,Reward:1
1634614996.8683755,2,108,1.0,1.0,1.0,-0.026749999999999996,0.053,0.08,-0.026749999999999996,0.053,0.08,-0.026749999999999996,0.053,0.08,-0.03444093500405681,0.12458805430212061,0.08,0.026750000000000006,0.05300000000000001,0.08,0.09460343498879709,0.0770813488040245,0.08,0.10448746327434899,-1.127143322032643,-1.2300651278490131,1.1051964746849126,0.035348844663341726,0.15583316711810022,0.06399479478541227,0.09144304518662355,0.15000195510833625,0.09600545199051112,0.07952806119207827,-1.1307889616483864,-1.2317155787630594,1.1109202784478474,0
