Episode:0,WallTime,SimTime,TimeStep,State:31,Action:4,Reward:1
1634614996.0231843,2,26,1.0,1.0,1.0,-0.02675,0.053,0.08,-0.02675,0.053,0.08,-0.02675,0.053,0.08,-0.07356251945987675,0.10770455211240343,0.08,0.026750000000000003,0.053,0.08,0.08186540829680153,0.09932808832961773,0.08,0.7100786116150423,-1.327600079168074,-0.8714519450620979,1.3384478212026862,-0.02124180883841733,0.16206350081839266,0.09600051835159164,0.03844406562259718,0.1610194341552065,0.07209107078357926,0.7303397116797097,-1.3278823979813628,-0.8681310480566904,1.3388680078617117,0
