Episode:0,WallTime,SimTime,TimeStep,State:31,Action:4,Reward:1
1634614996.807193,2,102,1.0,1.0,1.0,-0.026749999999999996,0.05299999999999999,0.08,-0.026749999999999996,0.05299999999999999,0.08,-0.026749999999999996,0.05299999999999999,0.08,-0.037000538687368995,0.12426658723847206,0.08,0.02675,0.053,0.08,0.09447497292292768,0.07744029546852307,0.08,0.1396436190972744,-1.1498812913877312,-1.2250347959619377,1.1398993629016996,0.03237848816891886,0.15639139560801618,0.0639931252453825,0.08839779081844165,0.15021329057830368,0.09600687473087277,0.10853243872659399,-1.1539486081910473,-1.2289707451375091,1.1458268654923673,0
