Episode:0,WallTime,SimTime,TimeStep,State:31,Action:4,Reward:1
1634614996.5397594,2,76,1.0,1.0,1.0,-0.026749999999999996,0.052999999999999985,0.08,-0.026749999999999996,0.052999999999999985,0.08,-0.026749999999999996,0.052999999999999985,0.08,-0.05424384786364548,0.1195438827365124,0.08,0.026750000000000006,0.053000000000000005,0.08,0.0922713002462669,0.08284893991482017,0.08,0.3860780992101184,-1.262021783344964,-1.1463255138213366,1.2795882346856493,0.010028353390442425,0.15934412157703046,0.09600025221228828,0.0705314704912408,0.15382191159398584,0.06399974778771171,0.3329164046373485,-1.266098040222354,-1.1723305320739905,1.2833914855263966,0
