Episode:0,WallTime,SimTime,TimeStep,State:31,Action:4,Reward:1
1634614995.8936243,2,13,1.0,1.0,1.0,-0.02675,0.053,0.08,-0.02675,0.053,0.08,-0.02675,0.053,0.08,-0.09492093261218071,0.07616730339909066,0.08,0.02675,0.053,0.08,0.09492093261218071,0.07616730339909066,0.08,1.1968800143391414,-0.5674324077935837,-1.1968800143391414,0.5674324077935837,10,10,10,10,10,10,0.78,-1.65,-0.78,1.65,
