Episode:0,WallTime,SimTime,TimeStep,State:31,Action:4,Reward:1
1634614996.3647995,2,59,1.0,1.0,1.0,-0.026750000000000003,0.053000000000000005,0.08,-0.026750000000000003,0.053000000000000005,0.08,-0.026750000000000003,0.053000000000000005,0.08,-0.06690656083827412,0.11276161495175632,0.08,0.026750000000000003,0.053,0.08,0.08716748786216438,0.09216282881030456,0.08,0.5867585959032017,-1.2920828341792847,-1.000416620682518,1.306479019482538,-0.010375653592449782,0.16284657676768763,0.06399510010885757,0.05354960684446265,0.15845246222718856,0.09600489989114243,0.542749919770365,-1.2920933322599266,-1.0430008423573953,1.3064790194875426,0
