Episode:0,WallTime,SimTime,TimeStep,State:31,Action:4,Reward:1
1634614994.7501256,2,22,1.0,1.0,1.0,-0.02675,0.05299999999999999,0.08,-0.02675,0.05299999999999999,0.08,-0.02675,0.05299999999999999,0.08,-0.07997166213360855,0.10149180012884669,0.08,0.026749999999999993,0.052999999999999985,0.08,0.07996544302988162,0.10149862496126483,0.08,0.8286787159082398,-1.3880815256474546,-0.8284188086278788,1.3903749437283808,-0.031103090446976095,0.15772338835583924,0.07209174472214903,0.031016990457047713,0.15766069226553456,0.06399999923399437,0.78,-1.65,-0.78,1.65,
