Episode:0,WallTime,SimTime,TimeStep,State:31,Action:4,Reward:1
1634614996.2302718,2,46,1.0,1.0,1.0,-0.026750000000000003,0.053000000000000005,0.08,-0.026750000000000003,0.053000000000000005,0.08,-0.026750000000000003,0.053000000000000005,0.08,-0.07239179088107789,0.10868506914037152,0.08,0.02675,0.053,0.08,0.08219114511958799,0.09893777778505164,0.08,0.6847224313328326,-1.292080313344778,-0.882312032729346,1.306479019496759,-0.020934843246663254,0.1625499922878368,0.09600167333902593,0.041075860475514064,0.16104954737954166,0.07220058953908973,0.6677962077163073,-1.2920968634283891,-0.913325617047372,1.306479019496759,0
