Episode:0,WallTime,SimTime,TimeStep,State:31,Action:4,Reward:1
1634614995.7963617,2,3,1.0,1.0,1.0,-0.026749999999999996,0.053,0.08,-0.026749999999999996,0.053,0.08,-0.026749999999999996,0.053,0.08,-0.06991713742737893,0.11062463228798755,0.08,0.026749999999999996,0.053,0.08,0.06991713742737893,0.11062463228798755,0.08,0.73563763,1.1015104093356892e-06,-0.73563763,-1.1015104093356892e-06,10,10,10,10,10,10,1.57,0.0,-1.57,0.0,
