Episode:0,WallTime,SimTime,TimeStep,State:31,Action:4,Reward:1
1634614995.3196914,2,77,1.0,1.0,1.0,-0.026749999999999996,0.05299999999999999,0.08,-0.026749999999999996,0.05299999999999999,0.08,-0.026749999999999996,0.05299999999999999,0.08,-0.04486280277775691,0.12268447729253681,0.08,0.026749999999999986,0.05299999999999998,0.08,0.08804111989472861,0.09078092934338697,0.08,0.24807370850260302,-1.0061836919887257,-1.0217172802874899,1.04024158183956,0.014292822476267161,0.16951882392746123,0.06399999267251415,0.0743196655515447,0.1626411339072779,0.06399982962485376,0.19013085313419895,-1.01241134031382,-1.049780712741895,1.0450086959771412,0
