Episode:0,WallTime,SimTime,TimeStep,State:31,Action:4,Reward:1
1634614994.700635,2,17,1.0,1.0,1.0,-0.02675,0.053,0.08,-0.02675,0.053,0.08,-0.02675,0.053,0.08,-0.08407170611795786,0.09656858969173171,0.08,0.02675,0.053,0.08,0.08407170611795786,0.09656858969173171,0.08,0.906792555577565,-1.0831074525631905,-0.906792555577565,1.0831074525631905,10,10,10,10,10,10,0.78,-1.65,-0.78,1.65,
