Episode:0,WallTime,SimTime,TimeStep,State:31,Action:4,Reward:1
1634614996.5294096,2,75,1.0,1.0,1.0,-0.026750000000000003,0.053,0.08,-0.026750000000000003,0.053,0.08,-0.026750000000000003,0.053,0.08,-0.05504817384794562,0.11920584080631741,0.08,0.02674999999999999,0.05299999999999999,0.08,0.0920766449752207,0.08327258588692862,0.08,0.3981739701019414,-1.266098040222354,-1.1399954565725026,1.2833914855263966,0.00889771650224895,0.15952826599539988,0.09600025221228828,0.06961816000631757,0.15402143294220383,0.06399974778771171,0.3449385172227533,-1.2699659766175004,-1.1673696181720183,1.28692466131978,0
