Episode:0,WallTime,SimTime,TimeStep,State:31,Action:4,Reward:1
1634614996.240626,2,47,1.0,1.0,1.0,-0.02674999999999999,0.05299999999999999,0.08,-0.02674999999999999,0.05299999999999999,0.08,-0.02674999999999999,0.05299999999999999,0.08,-0.0721550860341964,0.1088782440868288,0.08,0.02675,0.053,0.08,0.08253126040526852,0.09852418025181367,0.08,0.6802329825548358,-1.2920896098465915,-0.8898955367924817,1.306479019496759,-0.020470357456323557,0.16252464412788323,0.09600167333902593,0.0418790507112853,0.16094001478535697,0.07220058953908973,0.6610966843434235,-1.292080313344778,-0.9222252120090073,1.306479019496759,0
