Episode:0,WallTime,SimTime,TimeStep,State:31,Action:4,Reward:1
1634614995.6651657,2,110,1.0,1.0,1.0,-0.026749999999999996,0.05299999999999999,0.08,-0.026749999999999996,0.05299999999999999,0.08,-0.026749999999999996,0.05299999999999999,0.08,-0.023360387289962408,0.12492016772558273,0.08,0.02675,0.053000000000000005,0.08,0.09169874267507577,0.08407508366725328,0.08,-0.04978152734491457,-0.8188509798273154,-1.1248982752788705,0.8297682897873142,0.04074646716989684,0.16487516503312596,0.06399631114321945,0.10090305093364214,0.15648539726693556,0.0639987768826333,-0.07699351702589514,-0.8237866747773662,-1.1263710618543206,0.8364135743662535,0
