Episode:0,WallTime,SimTime,TimeStep,State:31,Action:4,Reward:1
1634614995.4552135,2,90,1.0,1.0,1.0,-0.026750000000000003,0.053000000000000005,0.08,-0.026750000000000003,0.053000000000000005,0.08,-0.026750000000000003,0.053000000000000005,0.08,-0.03408655406445027,0.1246252397864007,0.08,0.02675000000000001,0.05300000000000002,0.08,0.09046643443823095,0.08652933018237342,0.08,0.09744601169894812,-0.9243464076632113,-1.0880387644600018,0.9641113108611359,0.02821073469784445,0.1671915625872024,0.06399999267251415,0.08712574070254077,0.15948601510854665,0.06399889803911649,0.05328804405660006,-0.9302678726716026,-1.1010004784853145,0.970411872709954,0
