Episode:0,WallTime,SimTime,TimeStep,State:31,Action:4,Reward:1
1634614995.111059,2,57,1.0,1.0,1.0,-0.026750000000000006,0.053000000000000005,0.08,-0.026750000000000006,0.053000000000000005,0.08,-0.026750000000000006,0.053000000000000005,0.08,-0.061980285708091526,0.1157919339479701,0.08,0.02675,0.053,0.08,0.07952148343524434,0.10198132844302749,0.08,0.5063047943723719,-1.0849314312671279,-0.8281510346510507,1.0937666838729294,-0.012227124973330873,0.17120836525439406,0.0639997033709705,0.048530124865099125,0.16954856944129332,0.0960002966280606,0.46103155409416935,-1.0863328512576225,-0.8774351371241415,1.0945859489570258,0
