Episode:0,WallTime,SimTime,TimeStep,State:31,Action:4,Reward:1
1634614994.9242327,2,39,1.0,1.0,1.0,-0.026750000000000006,0.05300000000000001,0.08,-0.026750000000000006,0.05300000000000001,0.08,-0.026750000000000006,0.05300000000000001,0.08,-0.07108146541880493,0.1097337745423421,0.08,0.026750000000000003,0.053,0.08,0.07346457053999508,0.10778821861736176,0.08,0.6623172409971729,-1.1231834953632127,-0.7088711323227302,1.1285969897609331,-0.02798252232460055,0.170371091244489,0.06399913494266708,0.032659339778409464,0.17006105974709007,0.07222226087198473,0.6535373230465613,-1.1231835666751468,-0.7344941422634506,1.1285969897609331,0
