Episode:0,WallTime,SimTime,TimeStep,State:31,Action:4,Reward:1
1634614995.9323695,2,17,1.0,1.0,1.0,-0.02674999999999999,0.05299999999999999,0.08,-0.02674999999999999,0.05299999999999999,0.08,-0.02674999999999999,0.05299999999999999,0.08,-0.08652143220636697,0.0931419467888601,0.08,0.02674999999999999,0.05299999999999999,0.08,0.08652143220636697,0.0931419467888601,0.08,0.9594531766773302,-1.18399173348105,-0.9594531766773302,1.18399173348105,10,10,10,10,10,10,0.78,-1.65,-0.78,1.65,
