Episode:0,WallTime,SimTime,TimeStep,State:31,Action:4,Reward:1
1634614994.6618843,2,13,1.0,1.0,1.0,-0.02675,0.053000000000000005,0.08,-0.02675,0.053000000000000005,0.08,-0.02675,0.053000000000000005,0.08,-0.09115278315111927,0.08519132681934538,0.08,0.02675,0.053000000000000005,0.08,0.09115278315111927,0.08519132681934538,0.08,1.0745463734103347,-0.3330721810216275,-1.0745463734103347,0.3330721810216275,10,10,10,10,10,10,0.78,-1.65,-0.78,1.65,
