Episode:0,WallTime,SimTime,TimeStep,State:31,Action:4,Reward:1
1634614995.4863505,2,93,1.0,1.0,1.0,-0.02675,0.053,0.08,-0.02675,0.053,0.08,-0.02675,0.053,0.08,-0.03206323586357872,0.12480368740293202,0.08,0.026749999999999996,0.053,0.08,0.09078452466926089,0.08591777104212586,0.08,0.06958136462583589,-0.9070370850907437,-1.0973381672037064,0.9450737203979128,0.030689781119819445,0.16669524840746047,0.06399999267251415,0.08952545964529784,0.15891289210409065,0.06399879432245334,0.028519181418903285,-0.9127213484560757,-1.1078758104539788,0.9514315660213065,0
