Episode:0,WallTime,SimTime,TimeStep,State:31,Action:4,Reward:1
1634614994.6130288,2,8,1.0,1.0,1.0,-0.026750000000000003,0.053000000000000005,0.08,-0.026750000000000003,0.053000000000000005,0.08,-0.026750000000000003,0.053000000000000005,0.08,-0.09324098479364834,0.08062153039154102,0.08,0.026750000000000003,0.053000000000000005,0.08,0.09324098479364834,0.08062153039154102,0.08,1.216362916633728,1.272831325563715e-06,-1.216362916633728,-1.272831325563715e-06,10,10,10,10,10,10,1.57,0.0,-1.57,0.0,
