Episode:0,WallTime,SimTime,TimeStep,State:31,Action:4,Reward:1
1634614995.8255038,2,6,1.0,1.0,1.0,-0.026749999999999996,0.05299999999999999,0.08,-0.026749999999999996,0.05299999999999999,0.08,-0.026749999999999996,0.05299999999999999,0.08,-0.09015969674079465,0.08710586986488472,0.08,0.026749999999999996,0.05299999999999999,0.08,0.09015969674079465,0.08710586986488472,0.08,1.1265856277248298,1.4176541131361424e-06,-1.1265856277248298,-1.4176541131361424e-06,10,10,10,10,10,10,1.57,0.0,-1.57,0.0,
