Episode:0,WallTime,SimTime,TimeStep,State:31,Action:4,Reward:1
1634614995.9616768,2,20,1.0,1.0,1.0,-0.026749999999999993,0.052999999999999985,0.08,-0.026749999999999993,0.052999999999999985,0.08,-0.026749999999999993,0.052999999999999985,0.08,-0.0825158680259595,0.09854303419087557,0.08,0.026749999999999993,0.052999999999999985,0.08,0.0825158680259595,0.09854303419087557,0.08,0.875368775666577,-1.4023447490283392,-0.875368775666577,1.4023447490283392,10,10,10,10,10,10,0.78,-1.65,-0.78,1.65,
