Episode:0,WallTime,SimTime,TimeStep,State:31,Action:4,Reward:1
1634614996.7867057,2,100,1.0,1.0,1.0,-0.02675,0.053,0.08,-0.02675,0.053,0.08,-0.02675,0.053,0.08,-0.0379851933072474,0.12411800356695049,0.08,0.026749999999999996,0.053,0.08,0.09441254504990693,0.07761259834656463,0.08,0.15334267358362833,-1.1580551342673073,-1.2225574000309658,1.1517504949667732,0.031211248680642352,0.1566253083734265,0.06399250798246549,0.08729072682091073,0.1503064499533635,0.09600749198924238,0.12105290235021784,-1.1621951181307963,-1.2270890940536805,1.1576621464445909,0
