Episode:0,WallTime,SimTime,TimeStep,State:31,Action:4,Reward:1
1634614994.6909988,2,16,1.0,1.0,1.0,-0.026749999999999996,0.05299999999999999,0.08,-0.026749999999999996,0.05299999999999999,0.08,-0.026749999999999996,0.05299999999999999,0.08,-0.08547991875039898,0.0946508900693794,0.08,0.026749999999999996,0.05299999999999999,0.08,0.08547991875039898,0.0946508900693794,0.08,0.9365340192315617,-0.9501321256565335,-0.9365340192315617,0.9501321256565335,10,10,10,10,10,10,0.78,-1.65,-0.78,1.65,
