Episode:0,WallTime,SimTime,TimeStep,State:31,Action:4,Reward:1
1634614996.674095,2,89,1.0,1.0,1.0,-0.026749999999999996,0.05299999999999999,0.08,-0.026749999999999996,0.05299999999999999,0.08,-0.026749999999999996,0.05299999999999999,0.08,-0.044308800233954976,0.12282613074160746,0.08,0.026750000000000006,0.052999999999999985,0.08,0.09387151880228653,0.07905190422357451,0.08,0.24188912628146678,-1.205425689132385,-1.201842266981225,1.2152935441557333,0.023450732084974585,0.15817619150047257,0.06398865179330325,0.08063437469149833,0.15097130672046294,0.09601133673313939,0.19965320360080432,-1.2098424852312566,-1.2121052082350336,1.2207421497426088,0
