Episode:0,WallTime,SimTime,TimeStep,State:31,Action:4,Reward:1
1634614996.7458217,2,96,1.0,1.0,1.0,-0.026750000000000003,0.053000000000000005,0.08,-0.026750000000000003,0.053000000000000005,0.08,-0.026750000000000003,0.053000000000000005,0.08,-0.04007951183098546,0.1237553822288285,0.08,0.026749999999999996,0.053000000000000005,0.08,0.09426174313200919,0.078023279946434,0.08,0.18253501405271289,-1.174826477844378,-1.2166561909260718,1.1753014712482546,0.02869722558866837,0.15712267588706597,0.06399120357788296,0.08499576513026355,0.1505065649566405,0.0960087962726409,0.14731132577340736,-1.1791068460582466,-1.2227358093086882,1.1811367166657822,0
