Episode:0,WallTime,SimTime,TimeStep,State:31,Action:4,Reward:1
1634614994.77072,2,24,1.0,1.0,1.0,-0.02675,0.05300000000000001,0.08,-0.02675,0.05300000000000001,0.08,-0.02675,0.05300000000000001,0.08,-0.07320694048201272,0.10800684212941812,0.08,0.02675,0.053,0.08,0.07314737147129897,0.10805709691360679,0.08,0.7032800964309694,-1.1579752826703802,-0.702662752733941,1.1614638696848836,-0.030516640789243925,0.16900504495055968,0.06399473164698068,0.03020163248914065,0.16891664249434546,0.09600526835301933,0.7192342281125904,-1.221414858980788,-0.7227072359099059,1.2237082770617143,0
