Episode:0,WallTime,SimTime,TimeStep,State:31,Action:4,Reward:1
1634614996.0957706,2,33,1.0,1.0,1.0,-0.02675,0.053,0.08,-0.02675,0.053,0.08,-0.02675,0.053,0.08,-0.07507705289919628,0.1063713027579268,0.08,0.026750000000000003,0.053000000000000005,0.08,0.08191765958880395,0.0992658549633944,0.08,0.7372442796012629,-1.327527266379898,-0.8735033897572461,1.3383451221496296,-0.024367874094912416,0.1609443968719269,0.09600007306888407,0.03848474710009109,0.15978217483799598,0.07218243441110413,0.749894801028127,-1.327527266379898,-0.8786293186612306,1.3383450019777847,0
