Episode:0,WallTime,SimTime,TimeStep,State:31,Action:4,Reward:1
1634614994.8934603,2,36,1.0,1.0,1.0,-0.026749999999999993,0.052999999999999985,0.08,-0.026749999999999993,0.052999999999999985,0.08,-0.026749999999999993,0.052999999999999985,0.08,-0.07313453454713405,0.10806791220707142,0.08,0.02675,0.05299999999999999,0.08,0.07478381121819716,0.10663537060424394,0.08,0.6845354769390669,-1.1442234704573075,-0.7169388991397583,1.1491393689505671,-0.030152956418542223,0.1687832805908594,0.06399878690999361,0.03344905469277636,0.1685579957331806,0.07222226087198473,0.5372750117038895,-1.1579752826704535,-0.588094243812202,1.1614579718130265,0
