Episode:0,WallTime,SimTime,TimeStep,State:31,Action:4,Reward:1
1634614996.283184,2,51,1.0,1.0,1.0,-0.026749999999999996,0.05299999999999999,0.08,-0.026749999999999996,0.05299999999999999,0.08,-0.026749999999999996,0.05299999999999999,0.08,-0.07089518386477382,0.10987884265300508,0.08,0.026749999999999996,0.05299999999999999,0.08,0.08400113227758528,0.09666128551628356,0.08,0.6568589184682959,-1.292097137962958,-0.9234517949022479,1.306479019496464,-0.018023588239877708,0.162355902227744,0.09600167333902593,0.04542780170434497,0.16038284169635314,0.07220058953908973,0.6284665795059338,-1.2921078846368563,-0.9611553952745622,1.306479019496464,0
