Episode:0,WallTime,SimTime,TimeStep,State:31,Action:4,Reward:1
1634614996.8479254,2,106,1.0,1.0,1.0,-0.02674999999999999,0.052999999999999985,0.08,-0.02674999999999999,0.052999999999999985,0.08,-0.02674999999999999,0.052999999999999985,0.08,-0.03522353567302351,0.12449964470679556,0.08,0.026750000000000003,0.05300000000000001,0.08,0.09457017799996947,0.07717485172762098,0.08,0.11528886378125107,-1.1344379637865272,-1.2287400669121975,1.116606729204726,0.03445243811736272,0.15599117916802877,0.06399427739602118,0.09047758883634399,0.1500562519994083,0.09600572258763064,0.08909378195771388,-1.138157655653254,-1.2308551680751982,1.1223415066207687,0
