Episode:0,WallTime,SimTime,TimeStep,State:31,Action:4,Reward:1
1634614995.2156749,2,67,1.0,1.0,1.0,-0.02675,0.053,0.08,-0.02675,0.053,0.08,-0.02675,0.053,0.08,-0.05404709970302261,0.11962483281632488,0.08,0.026749999999999996,0.053,0.08,0.08463139597009398,0.09582223722031799,0.08,0.3825906700315126,-1.0605371300802022,-0.9384917656139848,1.0783623460707676,0.0009354020507205546,0.1698599738678442,0.06399991946875379,0.06236055587293835,0.16666856017184467,0.06399999211846207,0.3253431865640958,-1.0640787554619227,-0.9793937847949502,1.0807813599417466,0
