Episode:0,WallTime,SimTime,TimeStep,State:31,Action:4,Reward:1
1634614996.0022056,2,24,1.0,1.0,1.0,-0.02675,0.053000000000000005,0.08,-0.02675,0.053000000000000005,0.08,-0.02675,0.053000000000000005,0.08,-0.07295825747577808,0.1082159120277135,0.08,0.02674999999999999,0.052999999999999985,0.08,0.08198145332641024,0.09918968027008376,0.08,0.7002777911939663,-1.3283620812380739,-0.8732385356538388,1.3396205738752072,-0.01998614412466765,0.1619456051091241,0.09600168760309831,0.03862744795102451,0.1609283664183498,0.07209107078357926,0.7313053864091367,-1.3258683322482634,-0.8634757255312945,1.3380256583074153,0
