Episode:0,WallTime,SimTime,TimeStep,State:31,Action:4,Reward:1
1634614995.8840308,2,12,1.0,1.0,1.0,-0.026749999999999996,0.053,0.08,-0.026749999999999996,0.053,0.08,-0.026749999999999996,0.053,0.08,-0.09703116248640271,0.06863835667708908,0.08,0.026749999999999996,0.053,0.08,0.09703116248640271,0.06863835667708908,0.08,1.2946666843693102,-0.31349570034358853,-1.2946666843693102,0.31349570034358853,10,10,10,10,10,10,0.78,-1.65,-0.78,1.65,
