Episode:0,WallTime,SimTime,TimeStep,State:31,Action:4,Reward:1
1634614994.7299254,2,20,1.0,1.0,1.0,-0.026750000000000003,0.053000000000000005,0.08,-0.026750000000000003,0.053000000000000005,0.08,-0.026750000000000003,0.053000000000000005,0.08,-0.0810729508288649,0.10025480941919805,0.08,0.026750000000000003,0.053000000000000005,0.08,0.0810729508288649,0.10025480941919805,0.08,0.8473827625286967,-1.348730753126253,-0.8473827625286967,1.348730753126253,10,10,10,10,10,10,0.78,-1.65,-0.78,1.65,
