Episode:0,WallTime,SimTime,TimeStep,State:31,Action:4,Reward:1
1634614995.2467961,2,70,1.0,1.0,1.0,-0.026750000000000003,0.053000000000000005,0.08,-0.026750000000000003,0.053000000000000005,0.08,-0.026750000000000003,0.053000000000000005,0.08,-0.05134137879663639,0.12067026000304966,0.08,0.026749999999999996,0.053000000000000005,0.08,0.08582494588124683,0.09416006279304925,0.08,0.3421149997478275,-1.046867457930892,-0.9665707506168497,1.0691584395011304,0.00518823963056593,0.1706357507838924,0.0639998135672503,0.06619989610819187,0.16578203568761588,0.0639999840799591,0.2828112469492698,-1.0516845445805578,-1.0039973864180716,1.0724788168468449,0
