Episode:0,WallTime,SimTime,TimeStep,State:31,Action:4,Reward:1
1634614996.15816,2,39,1.0,1.0,1.0,-0.026749999999999996,0.05299999999999999,0.08,-0.026749999999999996,0.05299999999999999,0.08,-0.026749999999999996,0.05299999999999999,0.08,-0.07305355978247008,0.10813601682631072,0.08,0.026750000000000003,0.053,0.08,0.0802947430465353,0.1011348157997983,0.08,0.6988426093785682,-1.2926486449784511,-0.8404860433964354,1.3069307694356003,-0.022198532853788644,0.1625695877326578,0.09600167333902593,0.03666731276151402,0.16150853425615846,0.07220058953908973,0.7012297740051161,-1.2931877015261832,-0.8576465195029066,1.307439366781341,0
