Episode:0,WallTime,SimTime,TimeStep,State:31,Action:4,Reward:1
1634614996.6427932,2,86,1.0,1.0,1.0,-0.026749999999999996,0.053,0.08,-0.026749999999999996,0.053,0.08,-0.026749999999999996,0.053,0.08,-0.04635744257664569,0.12227877160865039,0.08,0.02675,0.053000000000000005,0.08,0.09363644944062866,0.0796496319153985,0.08,0.2709441354474042,-1.218630219480975,-1.1932015328396761,1.2313340130715218,0.02081633848341731,0.15871184636098032,0.06398746864994545,0.07862144971279805,0.15124151014274761,0.09601253120061165,0.2252510020336439,-1.2229922230600223,-1.2060074049243288,1.2364844478812722,0
