Episode:0,WallTime,SimTime,TimeStep,State:31,Action:4,Reward:1
1634614995.7865312,2,2,1.0,1.0,1.0,-0.02675,0.053,0.08,-0.02675,0.053,0.08,-0.02675,0.053,0.08,-0.05646792255617497,0.11858082859300562,0.08,0.02675,0.053,0.08,0.05646792255617497,0.11858082859300562,0.08,0.539923,7.250832286524792e-07,-0.539923,-7.250832286524792e-07,10,10,10,10,10,10,1.57,0.0,-1.57,0.0,
