Episode:0,WallTime,SimTime,TimeStep,State:31,Action:4,Reward:1
1634614996.1478481,2,38,1.0,1.0,1.0,-0.02675,0.053000000000000005,0.08,-0.02675,0.053000000000000005,0.08,-0.02675,0.053000000000000005,0.08,-0.07299677340250324,0.10818365654663996,0.08,0.02674999999999999,0.052999999999999985,0.08,0.08010226597307424,0.10134806837442777,0.08,0.698218390185614,-1.2931877015261832,-0.8364082634529821,1.307439366781341,-0.022054110167156818,0.16253522016741645,0.09600167333902593,0.0362026205740614,0.16152414075675567,0.07220058953908973,0.7042464480745904,-1.2938406318875377,-0.8526963295272891,1.3080583019307168,0
