Episode:0,WallTime,SimTime,TimeStep,State:31,Action:4,Reward:1
1634614995.5605676,2,100,1.0,1.0,1.0,-0.026750000000000003,0.05300000000000002,0.08,-0.026750000000000003,0.05300000000000002,0.08,-0.026750000000000003,0.05300000000000002,0.08,-0.027969665324192386,0.12498966881780307,0.08,0.026750000000000003,0.053,0.08,0.09131180046591811,0.08487120833289782,0.08,0.013424250026468475,-0.8692926385080656,-1.1131128185678643,0.8980766659296631,0.035567865228799136,0.16568151364133565,0.06399999267251415,0.09464794126434325,0.157787893465288,0.0639987768826333,-0.02123199159409374,-0.8745449447427974,-1.118995758981649,0.904947796489058,0
