Episode:0,WallTime,SimTime,TimeStep,State:31,Action:4,Reward:1
1634614996.4366581,2,66,1.0,1.0,1.0,-0.026750000000000003,0.053000000000000005,0.08,-0.026750000000000003,0.053000000000000005,0.08,-0.026750000000000003,0.053000000000000005,0.08,-0.06207659890447434,0.11573779889223394,0.08,0.026750000000000006,0.05300000000000001,0.08,0.0897253109950675,0.08790143557326158,0.08,0.5073002151628598,-1.2903835568315025,-1.069190951597348,1.3049842984094044,-0.00181667467826796,0.1613643078963173,0.06399916390807807,0.06081939524277193,0.15629593105550027,0.09600083609192193,0.4570801908917926,-1.291471578221926,-1.1089692966353661,1.3058692328584913,0
