Episode:0,WallTime,SimTime,TimeStep,State:31,Action:4,Reward:1
1634614995.6546571,2,109,1.0,1.0,1.0,-0.02675,0.05299999999999999,0.08,-0.02675,0.05299999999999999,0.08,-0.02675,0.05299999999999999,0.08,-0.02376976926349595,0.12493829456386352,0.08,0.026749999999999996,0.053,0.08,0.09167399910636378,0.08412674637730189,0.08,-0.044110381116692146,-0.8237866747773662,-1.124121785660303,0.8364135743662535,0.040306578702836625,0.16494150855141593,0.06399718110500813,0.100338782250478,0.15660360019414826,0.0639987768826333,-0.07148920222097829,-0.8287177375897309,-1.125757027852199,0.8430698418241542,0
