Episode:0,WallTime,SimTime,TimeStep,State:31,Action:4,Reward:1
1634614995.2363346,2,69,1.0,1.0,1.0,-0.02675,0.053,0.08,-0.02675,0.053,0.08,-0.02675,0.053,0.08,-0.05225720285735966,0.12033039879871127,0.08,0.02675,0.053,0.08,0.08544233349532916,0.09470383662054441,0.08,0.3557263326668077,-1.0516845445805578,-0.9574681842546819,1.0724788168468449,0.0038259574397756513,0.17079212159975754,0.06399975969579294,0.06492914692262691,0.16607651175983304,0.0639999840799591,0.2969307381735566,-1.0562807984650164,-0.9961763473003933,1.0755252876752581,0
