Episode:0,WallTime,SimTime,TimeStep,State:31,Action:4,Reward:1
1634614995.9131045,2,15,1.0,1.0,1.0,-0.026749999999999993,0.05299999999999999,0.08,-0.026749999999999993,0.05299999999999999,0.08,-0.026749999999999993,0.05299999999999999,0.08,-0.09038301414811489,0.08668737909701207,0.08,0.026749999999999993,0.05299999999999999,0.08,0.09038301414811489,0.08668737909701207,0.08,1.0535149774079107,-0.9397285977833258,-1.0535149774079107,0.9397285977833258,10,10,10,10,10,10,0.78,-1.65,-0.78,1.65,
