Episode:0,WallTime,SimTime,TimeStep,State:31,Action:4,Reward:1
1634614996.116675,2,35,1.0,1.0,1.0,-0.026749999999999996,0.05299999999999999,0.08,-0.026749999999999996,0.05299999999999999,0.08,-0.026749999999999996,0.05299999999999999,0.08,-0.07535412825421876,0.1061190993583989,0.08,0.026749999999999996,0.053,0.08,0.08205589961553031,0.09910051483136474,0.08,0.7421140473826486,-1.327527266379898,-0.8767708884703328,1.3383451221496296,10,10,10,0.03880415222016037,0.15974393904841688,0.07220058953908973,0.7517587263451231,-1.327527266379898,-0.8843642231450195,1.3383451221496296,-30
