Episode:0,WallTime,SimTime,TimeStep,State:31,Action:4,Reward:1
1634614996.909355,2,112,1.0,1.0,1.0,-0.026749999999999996,0.05299999999999999,0.08,-0.026749999999999996,0.05299999999999999,0.08,-0.026749999999999996,0.05299999999999999,0.08,-0.03294925301254757,0.12473262341561489,0.08,0.02674999999999999,0.052999999999999985,0.08,0.09465941023690572,0.07692304331132739,0.08,0.08383541794684511,-1.1126480883050582,-1.232334137580061,1.0822094436703429,0.03703707617759602,0.15554708613163398,0.06399562984733456,0.09334540063290654,0.14990027446084903,0.09600545199051112,0.060320193416522755,-1.1162445953741487,-1.2334161009542,1.087950792518986,0
