Episode:0,WallTime,SimTime,TimeStep,State:31,Action:4,Reward:1
1634614995.0798411,2,54,1.0,1.0,1.0,-0.026750000000000003,0.053000000000000005,0.08,-0.026750000000000003,0.053000000000000005,0.08,-0.026750000000000003,0.053000000000000005,0.08,-0.06382433654500419,0.11472109501416648,0.08,0.026750000000000003,0.053,0.08,0.07779309287189001,0.10377994358082343,0.08,0.536569187345259,-1.0889950547693552,-0.793404501733558,1.0960385104401364,-0.01550407898942336,0.1713718421697895,0.06399994546593794,0.04433134469287409,0.1701877081319027,0.09600003941815925,0.4971193739935475,-1.0904766305865998,-0.8417791274866988,1.0968925943248276,0
