Episode:0,WallTime,SimTime,TimeStep,State:31,Action:4,Reward:1
1634614995.46558,2,91,1.0,1.0,1.0,-0.02675,0.052999999999999985,0.08,-0.02675,0.052999999999999985,0.08,-0.02675,0.052999999999999985,0.08,-0.033395125476720626,0.12469269354263818,0.08,0.02675,0.05299999999999999,0.08,0.09057959484509258,0.08631340303708594,0.08,0.08790695100393991,-0.9184918088974476,-1.0913332245723915,0.9577799457775769,0.02906188310268227,0.1670243141497822,0.06399999267251415,0.08794535615453566,0.1592898542074367,0.06399884983408351,0.044722771821600726,-0.9243464076632113,-1.1034859631620464,0.9641113108611359,0
