Episode:0,WallTime,SimTime,TimeStep,State:31,Action:4,Reward:1
1634614995.9714208,2,21,1.0,1.0,1.0,-0.026749999999999996,0.05299999999999999,0.08,-0.026749999999999996,0.05299999999999999,0.08,-0.026749999999999996,0.05299999999999999,0.08,-0.0815876913936247,0.09965648510783445,0.08,0.026749999999999996,0.05299999999999999,0.08,0.0815876913936247,0.09965648510783445,0.08,0.8577504594272486,-1.4391804822810983,-0.8577608127662407,1.4391609662610825,-0.032543184610048834,0.156979006892547,0.07209107078357917,0.032543184610048834,0.156979006892547,0.07209107078357926,0.78,-1.65,-0.78,1.65,
