Episode:0,WallTime,SimTime,TimeStep,State:31,Action:4,Reward:1
1634614996.5190394,2,74,1.0,1.0,1.0,-0.026749999999999996,0.053,0.08,-0.026749999999999996,0.053,0.08,-0.026749999999999996,0.053,0.08,-0.05584938475633294,0.11885761768241315,0.08,0.026750000000000006,0.05300000000000001,0.08,0.09186985684062118,0.08371488637545327,0.08,0.41031482336033076,-1.2699659766175004,-1.1333585342019776,1.28692466131978,0.007758397443960063,0.15971131897578864,0.09600025221228828,0.06869126407961887,0.15423109546505748,0.06399974778771171,0.3572785299534385,-1.272869172466324,-1.1621084011498373,1.2898677855205152,0
