Episode:0,WallTime,SimTime,TimeStep,State:31,Action:4,Reward:1
1634614996.6842756,2,90,1.0,1.0,1.0,-0.026749999999999993,0.05299999999999999,0.08,-0.026749999999999993,0.05299999999999999,0.08,-0.026749999999999993,0.05299999999999999,0.08,-0.04365932104821675,0.1229862476611536,0.08,0.026750000000000003,0.053,0.08,0.09393930218162835,0.07887658540738773,0.08,0.23272508844961842,-1.2010115327257664,-1.2043720411601235,1.2097638094008245,0.02427237691421226,0.15801016984478755,0.0639890363310499,0.08128416813719107,0.15089299069057582,0.0960109518344468,0.191596236468379,-1.205425689132385,-1.213903944052761,1.2152935441557333,0
