Episode:0,WallTime,SimTime,TimeStep,State:31,Action:4,Reward:1
1634614995.874322,2,11,1.0,1.0,1.0,-0.026749999999999996,0.052999999999999985,0.08,-0.026749999999999996,0.052999999999999985,0.08,-0.026749999999999996,0.052999999999999985,0.08,-0.09768038857829744,0.06536446424766267,0.08,0.026749999999999996,0.052999999999999985,0.08,0.09768038857829744,0.06536446424766267,0.08,1.415390968357173,5.466810861841337e-06,-1.415390968357173,-5.466810861841337e-06,10,10,10,10,10,10,1.57,0.0,-1.57,0.0,
