Episode:0,WallTime,SimTime,TimeStep,State:31,Action:4,Reward:1
1634614995.8060806,2,4,1.0,1.0,1.0,-0.026750000000000003,0.05300000000000001,0.08,-0.026750000000000003,0.05300000000000001,0.08,-0.026750000000000003,0.05300000000000001,0.08,-0.0793469855852349,0.10216865980832299,0.08,0.026750000000000003,0.05300000000000001,0.08,0.0793469855852349,0.10216865980832299,0.08,0.8941664803,1.3123240340746506e-06,-0.8941664803,-1.3123240340746506e-06,10,10,10,10,10,10,1.57,0.0,-1.57,0.0,
