Episode:0,WallTime,SimTime,TimeStep,State:31,Action:4,Reward:1
1634614995.0377257,2,50,1.0,1.0,1.0,-0.026749999999999996,0.053,0.08,-0.026749999999999996,0.053,0.08,-0.026749999999999996,0.053,0.08,-0.0673144796254283,0.11248548556343985,0.08,0.026750000000000003,0.053,0.08,0.07793932654434652,0.10363252756811835,0.08,0.580591231362674,-1.1091018625321472,-0.7797731608352823,1.1148273002878681,-0.020374054917685125,0.17026222074039277,0.06399941078667866,0.04254996190459831,0.16905953877872998,0.09600058921332134,0.41086976982704093,-1.1231894992257294,-0.6713937491974661,1.1285969897555266,0
