Episode:0,WallTime,SimTime,TimeStep,State:31,Action:4,Reward:1
1634614994.5934741,2,6,1.0,1.0,1.0,-0.02675,0.053,0.08,-0.02675,0.053,0.08,-0.02675,0.053,0.08,-0.08618701484992213,0.09363546807568646,0.08,0.02675,0.053,0.08,0.08618701484992213,0.09363546807568646,0.08,1.0310012446787502,1.2597285653011521e-06,-1.0310012446787502,-1.2597285653011521e-06,10,10,10,10,10,10,1.57,0.0,-1.57,0.0,
