Episode:0,WallTime,SimTime,TimeStep,State:31,Action:4,Reward:1
1634614996.2096012,2,44,1.0,1.0,1.0,-0.026750000000000006,0.053000000000000005,0.08,-0.026750000000000006,0.053000000000000005,0.08,-0.026750000000000006,0.053000000000000005,0.08,-0.07276888311075366,0.10837384217515335,0.08,0.026750000000000003,0.053,0.08,0.0815520842916298,0.09969830358046322,0.08,0.6920848745776498,-1.2921131862846582,-0.8681359414231206,1.306479019496759,-0.021677107672925286,0.16258526060470327,0.09600167333902593,0.03958378307590536,0.16123691135305146,0.07220058953908973,0.6803022967055491,-1.2921307034284404,-0.8957378367209277,1.306479019496759,0
