Episode:0,WallTime,SimTime,TimeStep,State:31,Action:4,Reward:1
1634614995.9518464,2,19,1.0,1.0,1.0,-0.026749999999999996,0.052999999999999985,0.08,-0.026749999999999996,0.052999999999999985,0.08,-0.026749999999999996,0.052999999999999985,0.08,-0.08363054598207252,0.09714298912377065,0.08,0.026749999999999996,0.052999999999999985,0.08,0.08363054598207252,0.09714298912377065,0.08,0.8977392292179963,-1.344252508595236,-0.8977392292179963,1.344252508595236,10,10,10,10,10,10,0.78,-1.65,-0.78,1.65,
