Episode:0,WallTime,SimTime,TimeStep,State:31,Action:4,Reward:1
1634614996.6948516,2,91,1.0,1.0,1.0,-0.02675,0.053,0.08,-0.02675,0.053,0.08,-0.02675,0.053,0.08,-0.04302497173514826,0.12313647620903212,0.08,0.026750000000000003,0.053000000000000005,0.08,0.09400264156809082,0.07871151886050116,0.08,0.2237698574287017,-1.1965935774240963,-1.2067608690612046,1.204151173533333,0.02506903917003371,0.15784951954456145,0.06398941489863735,0.08192507345344219,0.15081926555434372,0.09601057290539687,0.18349843878622046,-1.2010115327257664,-1.2156876204693585,1.2097638094008245,0
