Episode:0,WallTime,SimTime,TimeStep,State:31,Action:4,Reward:1
1634614994.622771,2,9,1.0,1.0,1.0,-0.026750000000000003,0.053000000000000005,0.08,-0.026750000000000003,0.053000000000000005,0.08,-0.026750000000000003,0.053000000000000005,0.08,-0.09511599065438262,0.07558520139039882,0.08,0.026750000000000003,0.053000000000000005,0.08,0.09511599065438262,0.07558520139039882,0.08,1.2835539624733197,2.394183177662437e-06,-1.2835539624733197,-2.394183177662437e-06,10,10,10,10,10,10,1.57,0.0,-1.57,0.0,
