Episode:0,WallTime,SimTime,TimeStep,State:31,Action:4,Reward:1
1634614994.583616,2,5,1.0,1.0,1.0,-0.026749999999999996,0.05299999999999999,0.08,-0.026749999999999996,0.05299999999999999,0.08,-0.026749999999999996,0.05299999999999999,0.08,-0.07991179206864041,0.10155742851563125,0.08,0.026749999999999996,0.05299999999999999,0.08,0.07991179206864041,0.10155742851563125,0.08,0.9045694378750001,1.1385231571396031e-06,-0.9045694378750001,-1.1385231571396031e-06,10,10,10,10,10,10,1.57,0.0,-1.57,0.0,
