Episode:0,WallTime,SimTime,TimeStep,State:31,Action:4,Reward:1
1634614995.1740005,2,63,1.0,1.0,1.0,-0.026749999999999996,0.05299999999999999,0.08,-0.026749999999999996,0.05299999999999999,0.08,-0.026749999999999996,0.05299999999999999,0.08,-0.05745907455314627,0.11812259776828088,0.08,0.026749999999999996,0.05299999999999999,0.08,0.0827852938180843,0.0982111252538682,0.08,0.4346162272635693,-1.0733565590967729,-0.8971779065523323,1.0868017120087217,-0.004495445037454741,0.17048192209634094,0.06399991946875379,0.05700748152754101,0.16793030694476097,0.09600008053116986,0.37980986236475106,-1.0758569748004316,-0.9439740581325348,1.0883713143401164,0
